category,product_id
Komputery;Tablety i akcesoria;Tablety,1276
Komputery;Tablety i akcesoria;Tablety,1277
Sprzęt RTV;Video;Telewizory i akcesoria;Okulary 3D,1283
Komputery;Drukarki i skanery;Biurowe urządzenia wielofunkcyjne,1075
Komputery;Monitory;Monitory LCD,1017
Komputery;Monitory;Monitory LCD,1070
Komputery;Monitory;Monitory LCD,1064
Komputery;Monitory;Monitory LCD,1032
Komputery;Monitory;Monitory LCD,1038
Komputery;Monitory;Monitory LCD,1039
Komputery;Monitory;Monitory LCD,1036
Komputery;Monitory;Monitory LCD,1065
Komputery;Monitory;Monitory LCD,1071
Komputery;Monitory;Monitory LCD,1069
Komputery;Monitory;Monitory LCD,1034
Komputery;Monitory;Monitory LCD,1025
Komputery;Monitory;Monitory LCD,1033
Komputery;Monitory;Monitory LCD,1030
Telefony i akcesoria;Akcesoria telefoniczne;Zestawy głośnomówiące,1072
Telefony i akcesoria;Akcesoria telefoniczne;Zestawy głośnomówiące,1073
Telefony i akcesoria;Akcesoria telefoniczne;Zestawy głośnomówiące,1222
Telefony i akcesoria;Akcesoria telefoniczne;Zestawy głośnomówiące,1201
Sprzęt RTV;Audio;Słuchawki,1318
Telefony i akcesoria;Telefony stacjonarne,1001
Telefony i akcesoria;Telefony komórkowe,1067
Telefony i akcesoria;Telefony komórkowe,1035
Sprzęt RTV;Video;Telewizory i akcesoria;Anteny RTV,1308
Sprzęt RTV;Video;Telewizory i akcesoria;Anteny RTV,1307
Sprzęt RTV;Video;Telewizory i akcesoria;Anteny RTV,1305
Sprzęt RTV;Video;Telewizory i akcesoria;Anteny RTV,1293
Sprzęt RTV;Video;Telewizory i akcesoria;Anteny RTV,1310
Sprzęt RTV;Video;Telewizory i akcesoria;Anteny RTV,1303
Sprzęt RTV;Video;Telewizory i akcesoria;Anteny RTV,1287
Sprzęt RTV;Video;Telewizory i akcesoria;Anteny RTV,1285
Sprzęt RTV;Video;Telewizory i akcesoria;Anteny RTV,1306
Sprzęt RTV;Video;Telewizory i akcesoria;Anteny RTV,1288
Sprzęt RTV;Video;Telewizory i akcesoria;Anteny RTV,1301
Sprzęt RTV;Video;Telewizory i akcesoria;Anteny RTV,1300
Sprzęt RTV;Video;Telewizory i akcesoria;Anteny RTV,1290
Komputery;Monitory;Monitory LCD,1037
Komputery;Monitory;Monitory LCD,1066
Sprzęt RTV;Video;Telewizory i akcesoria;Anteny RTV,1296
Komputery;Monitory;Monitory LCD,1068
Gry i konsole;Gry komputerowe,1121
Gry i konsole;Gry komputerowe,1089
Gry i konsole;Gry komputerowe,1123
Gry i konsole;Gry komputerowe,1106
Gry i konsole;Gry komputerowe,1116
Gry i konsole;Gry komputerowe,1148
Gry i konsole;Gry komputerowe,1146
Gry i konsole;Gry komputerowe,1109
Gry i konsole;Gry komputerowe,1098
Gry i konsole;Gry komputerowe,1156
Gry i konsole;Gry komputerowe,1161
Gry i konsole;Gry komputerowe,1082
Gry i konsole;Gry komputerowe,1099
Gry i konsole;Gry komputerowe,1141
Gry i konsole;Gry komputerowe,1137
Gry i konsole;Gry komputerowe,1144
Gry i konsole;Gry komputerowe,1092
Gry i konsole;Gry komputerowe,1088
Gry i konsole;Gry komputerowe,1062
Gry i konsole;Gry komputerowe,1168
Gry i konsole;Gry komputerowe,1118
Gry i konsole;Gry komputerowe,1048
Gry i konsole;Gry komputerowe,1054
Gry i konsole;Gry komputerowe,1083
Gry i konsole;Gry komputerowe,1143
Gry i konsole;Gry komputerowe,1131
Gry i konsole;Gry komputerowe,1059
Gry i konsole;Gry komputerowe,1107
Gry i konsole;Gry komputerowe,1057
Gry i konsole;Gry komputerowe,1095
Gry i konsole;Gry komputerowe,1111
Gry i konsole;Gry komputerowe,1120
Gry i konsole;Gry na konsole;Gry Xbox 360,1007
Gry i konsole;Gry na konsole;Gry Xbox 360,1004
Gry i konsole;Gry na konsole;Gry Xbox 360,1008
Gry i konsole;Gry na konsole;Gry Xbox 360,1129
Telefony i akcesoria;Akcesoria telefoniczne;Zestawy słuchawkowe,1315
Telefony i akcesoria;Akcesoria telefoniczne;Zestawy głośnomówiące,1074
Gry i konsole;Gry komputerowe,1051
Gry i konsole;Gry komputerowe,1147
Gry i konsole;Gry komputerowe,1058
Gry i konsole;Gry komputerowe,1151
Gry i konsole;Gry komputerowe,1091
Gry i konsole;Gry komputerowe,1134
Gry i konsole;Gry komputerowe,1061
Gry i konsole;Gry komputerowe,1127
Gry i konsole;Gry komputerowe,1055
Gry i konsole;Gry komputerowe,1150
Gry i konsole;Gry komputerowe,1086
Gry i konsole;Gry komputerowe,1162
Gry i konsole;Gry komputerowe,1090
Gry i konsole;Gry komputerowe,1103
Gry i konsole;Gry komputerowe,1105
Gry i konsole;Gry komputerowe,1158
Gry i konsole;Gry komputerowe,1113
Gry i konsole;Gry komputerowe,1114
Gry i konsole;Gry komputerowe,1159
Gry i konsole;Gry komputerowe,1164
Gry i konsole;Gry komputerowe,1140
Gry i konsole;Gry komputerowe,1149
Gry i konsole;Gry komputerowe,1060
Gry i konsole;Gry komputerowe,1145
Gry i konsole;Gry komputerowe,1053
Gry i konsole;Gry komputerowe,1104
Gry i konsole;Gry komputerowe,1160
Gry i konsole;Gry komputerowe,1124
Gry i konsole;Gry komputerowe,1087
Gry i konsole;Gry komputerowe,1112
Gry i konsole;Gry komputerowe,1052
Gry i konsole;Gry komputerowe,1108
Gry i konsole;Gry komputerowe,1096
Gry i konsole;Gry komputerowe,1110
Gry i konsole;Gry komputerowe,1117
Gry i konsole;Gry komputerowe,1050
Gry i konsole;Gry komputerowe,1093
Sprzęt RTV;Przenośne audio i video;Odtwarzacze mp3 i mp4,1281
Sprzęt RTV;Przenośne audio i video;Odtwarzacze mp3 i mp4,1278
Komputery;Drukarki i skanery;Biurowe urządzenia wielofunkcyjne,1003
Komputery;Drukarki i skanery;Biurowe urządzenia wielofunkcyjne,1080
Komputery;Drukarki i skanery;Biurowe urządzenia wielofunkcyjne,1002
Komputery;Drukarki i skanery;Biurowe urządzenia wielofunkcyjne,1081
Komputery;Drukarki i skanery;Biurowe urządzenia wielofunkcyjne,1077
Komputery;Drukarki i skanery;Biurowe urządzenia wielofunkcyjne,1078
Komputery;Drukarki i skanery;Biurowe urządzenia wielofunkcyjne,1079
Sprzęt RTV;Video;Odtwarzacze DVD,1233
Sprzęt RTV;Video;Odtwarzacze DVD,1234
Gry i konsole;Gry na konsole;Gry PlayStation3,1042
Gry i konsole;Gry na konsole;Gry PlayStation3,1047
Gry i konsole;Gry na konsole;Gry PlayStation3,1043
Telefony i akcesoria;Akcesoria telefoniczne;Zestawy słuchawkowe,1317
Telefony i akcesoria;Akcesoria telefoniczne;Zestawy słuchawkowe,1316
Telefony i akcesoria;Akcesoria telefoniczne;Zestawy słuchawkowe,1319
Gry i konsole;Gry na konsole;Gry PlayStation3,1045
Gry i konsole;Gry na konsole;Gry PlayStation3,1041
Gry i konsole;Gry na konsole;Gry PlayStation3,1084
Gry i konsole;Gry na konsole;Gry PlayStation3,1040
Gry i konsole;Gry komputerowe,1154
Gry i konsole;Gry komputerowe,1169
Gry i konsole;Gry komputerowe,1139
Gry i konsole;Gry komputerowe,1100
Gry i konsole;Gry komputerowe,1165
Gry i konsole;Gry komputerowe,1097
Gry i konsole;Gry komputerowe,1136
Gry i konsole;Gry komputerowe,1125
Gry i konsole;Gry komputerowe,1163
Gry i konsole;Gry komputerowe,1132
Gry i konsole;Gry komputerowe,1101
Gry i konsole;Gry komputerowe,1102
Gry i konsole;Gry komputerowe,1166
Gry i konsole;Gry komputerowe,1056
Gry i konsole;Gry komputerowe,1126
Gry i konsole;Gry komputerowe,1122
Gry i konsole;Gry komputerowe,1152
Gry i konsole;Gry komputerowe,1063
Gry i konsole;Gry komputerowe,1094
Gry i konsole;Gry komputerowe,1119
Gry i konsole;Gry komputerowe,1135
Gry i konsole;Gry komputerowe,1138
Gry i konsole;Gry komputerowe,1157
Gry i konsole;Gry komputerowe,1155
Gry i konsole;Gry komputerowe,1167
Gry i konsole;Gry komputerowe,1133
Gry i konsole;Gry komputerowe,1153
Gry i konsole;Gry komputerowe,1085
Gry i konsole;Gry komputerowe,1049
Gry i konsole;Gry na konsole;Gry PlayStation3,1046
Gry i konsole;Gry na konsole;Gry PlayStation3,1044
Sprzęt RTV;Video;Telewizory i akcesoria;Anteny RTV,1284
Sprzęt RTV;Video;Telewizory i akcesoria;Anteny RTV,1289
Sprzęt RTV;Video;Telewizory i akcesoria;Anteny RTV,1302
Sprzęt RTV;Video;Telewizory i akcesoria;Anteny RTV,1297
Sprzęt RTV;Video;Telewizory i akcesoria;Anteny RTV,1312
Sprzęt RTV;Video;Telewizory i akcesoria;Anteny RTV,1291
Sprzęt RTV;Video;Telewizory i akcesoria;Anteny RTV,1286
Sprzęt RTV;Video;Telewizory i akcesoria;Anteny RTV,1304
Sprzęt RTV;Video;Telewizory i akcesoria;Anteny RTV,1313
Sprzęt RTV;Video;Telewizory i akcesoria;Anteny RTV,1294
Sprzęt RTV;Video;Telewizory i akcesoria;Anteny RTV,1298
Sprzęt RTV;Video;Telewizory i akcesoria;Anteny RTV,1299
Sprzęt RTV;Video;Telewizory i akcesoria;Anteny RTV,1295
Sprzęt RTV;Video;Telewizory i akcesoria;Anteny RTV,1292
Sprzęt RTV;Video;Telewizory i akcesoria;Anteny RTV,1311
Sprzęt RTV;Video;Telewizory i akcesoria;Anteny RTV,1309
Komputery;Drukarki i skanery;Biurowe urządzenia wielofunkcyjne,1076
Gry i konsole;Gry na konsole;Gry Xbox 360,1024
Gry i konsole;Gry na konsole;Gry Xbox 360,1031
Gry i konsole;Gry na konsole;Gry Xbox 360,1023
Gry i konsole;Gry na konsole;Gry Xbox 360,1314
Gry i konsole;Gry na konsole;Gry Xbox 360,1022
Gry i konsole;Gry na konsole;Gry Xbox 360,1006
Gry i konsole;Gry na konsole;Gry Xbox 360,1026
Gry i konsole;Gry na konsole;Gry Xbox 360,1282
Gry i konsole;Gry na konsole;Gry Xbox 360,1014
Gry i konsole;Gry na konsole;Gry Xbox 360,1005
Gry i konsole;Gry na konsole;Gry Xbox 360,1019
Gry i konsole;Gry na konsole;Gry Xbox 360,1016
Gry i konsole;Gry na konsole;Gry Xbox 360,1015
Gry i konsole;Gry na konsole;Gry Xbox 360,1028
Gry i konsole;Gry na konsole;Gry Xbox 360,1130
Gry i konsole;Gry na konsole;Gry Xbox 360,1279
Gry i konsole;Gry na konsole;Gry Xbox 360,1027
Gry i konsole;Gry na konsole;Gry Xbox 360,1280
Gry i konsole;Gry na konsole;Gry Xbox 360,1021
Gry i konsole;Gry na konsole;Gry Xbox 360,1020
Gry i konsole;Gry na konsole;Gry Xbox 360,1018
Gry i konsole;Gry na konsole;Gry Xbox 360,1012
Gry i konsole;Gry na konsole;Gry Xbox 360,1029
Gry i konsole;Gry na konsole;Gry Xbox 360,1128
Gry i konsole;Gry na konsole;Gry Xbox 360,1011
Gry i konsole;Gry na konsole;Gry Xbox 360,1013
Gry i konsole;Gry na konsole;Gry Xbox 360,1010
Gry i konsole;Gry na konsole;Gry Xbox 360,1009
Gry i konsole;Gry komputerowe,1115
Gry i konsole;Gry komputerowe,1142
